DB00006	Bivalirudin	Dan shen, dong quai, evening primrose oil, gingko, policosanol, willow bark
DB00006	Bivalirudin	Echinacea
DB00008	Peginterferon alfa-2a	Recommended adequate hydration.
DB00011	Interferon alfa-n1	Avoid alcohol.
DB00034	Interferon Alfa-2a, Recombinant	Avoid alcohol.
DB00046	Insulin Lispro	Inject subcutaneuosly 15 minutes before meal
DB00085	Pancrelipase	Take immediately before or after a meal  for maximum efficacy.
DB00091	Cyclosporine	Avoid salt substitutes containing potassium.
DB00091	Cyclosporine	Avoid taking with grapefruit or grapefruit juice as grapefruit can significantly increase serum levels of this product.
DB00091	Cyclosporine	Red wine may reduce cyclosporine levels due to increased metabolism, therefore it appears prudent  to avoid red wine (white wine does not appear to affect cyclosporine metabolism).
DB00091	Cyclosporine	Take without regard to meals.
DB00105	Interferon Alfa-2b, Recombinant	Avoid alcohol.
DB00134	L-Methionine	Take with food.
DB00175	Pravastatin	Avoid alcohol.
DB00175	Pravastatin	Avoid drastic changes in dietary habit.
DB00175	Pravastatin	Take without regard to meals.
DB00176	Fluvoxamine	Avoid alcohol.
DB00176	Fluvoxamine	Avoid high doses of caffeine.
DB00176	Fluvoxamine	Grapefruit and grapefruit juice should be avoided throughout treatment as grapefruit can significantly increase serum levels of this product.
DB00176	Fluvoxamine	Take without regard to meals.
DB00178	Ramipril	Alcohol may increase the vasodilatory effects of ramipril. 
DB00178	Ramipril	Herbs that may attenuate the antihypertensive effect of ramipril include: bayberry, blue cohash, cayenne, ephedra, ginger, ginseng (American), kola and licorice.  
DB00178	Ramipril	High salt intake may attenuate the antihypertensive effect of ramipril. 
DB00178	Ramipril	Ramipril decreases the excretion of potassium. Salt substitutes containing potassium increase the risk of hyperkalemia. 
DB00178	Ramipril	Take without regard to meals.
DB00181	Baclofen	Avoid alcohol.
DB00181	Baclofen	Take without regard to meals.
DB00186	Lorazepam	Avoid alcohol.
DB00186	Lorazepam	Avoid excessive quantities of coffee or tea (Caffeine).
DB00186	Lorazepam	Take with food.
DB00188	Bortezomib	Citrus fruits - Patients should avoid taking extra vitamin C (ascorbic acid) supplements and vitamin C-containing multi-vitamins during their bortezomib therapy. Ascorbic Acid may diminish the therapeutic effect of Bortezomib.
DB00188	Bortezomib	Green Tea - Green Tea may diminish the antineoplastic effect of Bortezomib. Avoid concurrent use of green tea extract and other green tea products during treatment with bortezomib. 
DB00189	Ethchlorvynol	Avoid alcohol
DB00189	Ethchlorvynol	Take with food to reduce irritation.
DB00191	Phentermine	Limit caffeine intake.
DB00191	Phentermine	Take without regard to meals.
DB00196	Fluconazole	Take without regard to meals.
DB00198	Oseltamivir	Take without regard to meals. Food may improve gastric tolerance.
DB00199	Erythromycin	Avoid alcohol.
DB00199	Erythromycin	Take on empty stomach: 1 hour before or 2 hours after meals.
DB00199	Erythromycin	Take with a full glass of water Avoid taking with grapefruit juice.
DB00205	Pyrimethamine	Folic acid needs increased.
DB00205	Pyrimethamine	Take with food to reduce irritation.
DB00206	Reserpine	Magnesium, potassium and zinc needs increased.
DB00206	Reserpine	Take with food to reduce irritation. Avoid alcohol.
DB00207	Azithromycin	Do not take Aluminum or magnesium antacids or supplements while on this medication.
DB00207	Azithromycin	Take on empty stomach: 1 hour before or 2 hours after meals.
DB00211	Midodrine	Take without regard to meals.
DB00213	Pantoprazole	Take without regard to meals.
DB00215	Citalopram	Avoid alcohol.
DB00215	Citalopram	Avoid St.John's Wort.
DB00215	Citalopram	Take without regard to meals.
DB00216	Eletriptan	Exposure to the product (area below curve) and  maximum concentrations are increased when product is taken with a high-fat meal.
DB00218	Moxifloxacin	Take without regard to meals. Drink liberally. Absorption is not affected by lipid-rich meals or yogourt.
DB00220	Nelfinavir	Food significantly increases absorption (2 to 3 times).
DB00220	Nelfinavir	Take with food.
DB00222	Glimepiride	Avoid alcohol.
DB00222	Glimepiride	Even though food reduces product absorption, the manufacturer recommends taking the product with the first meal of the day.
DB00224	Indinavir	Avoid excessive or chronic alcohol use.
DB00224	Indinavir	Avoid taking with grapefruit juice
DB00224	Indinavir	Take on empty stomach: 1 hour before or 2 hours after meals.
DB00224	Indinavir	Take with a full glass of water.
DB00227	Lovastatin	Avoid alcohol.
DB00227	Lovastatin	Avoid drastic changes in dietary habit.
DB00227	Lovastatin	Avoid taking with grapefruit juice.
DB00227	Lovastatin	Take with food, 50% increase in bioavailability when taken with food.
DB00230	Pregabalin	Avoid alcohol (may increase CNS effects).
DB00230	Pregabalin	Take without regard to meals.
DB00231	Temazepam	Avoid alcohol.
DB00231	Temazepam	Avoid avocado.
DB00231	Temazepam	Avoid excessive quantities of coffee or tea (Caffeine).
DB00233	Aminosalicylic Acid	Take without regard to meals.
DB00238	Nevirapine	Avoid alcohol.
DB00238	Nevirapine	Take without regard to meals.
DB00242	Cladribine	Echinacea should be used with caution, if at all, in patients receiving therapeutic immunosuppressants. Monitor for reduced efficacy of the immunosuppressant during concomitant use. 
DB00243	Ranolazine	Grapefruit and grapefruit juice should be avoided throughout treatment.
DB00243	Ranolazine	Take without regard to meals.
DB00244	Mesalazine	Take without regard to meals.
DB00245	Benzatropine	Avoid alcohol.
DB00245	Benzatropine	Take with food to reduce irritation.
DB00246	Ziprasidone	Avoid alcohol.
DB00247	Methysergide	Take with food to reduce irritation.
DB00248	Cabergoline	Absorption is not affected by food.
DB00248	Cabergoline	Take with food to improve tolerance.
DB00250	Dapsone	Take without regard to meals.
DB00252	Phenytoin	Avoid alcohol.
DB00252	Phenytoin	Do not take calcium, aluminum, magnesium or Iron supplements within 2 hours of taking this medication.
DB00252	Phenytoin	Take with food to increase bioavailability and reduce irritation.
DB00254	Doxycycline	Avoid alcohol.
DB00254	Doxycycline	Avoid milk, calcium containing dairy products, iron, antacids, or aluminum salts 2 hours before or 6 hours after using antacids while on this medication.
DB00254	Doxycycline	Take with a full glass of water Do not take calcium, aluminum, magnesium or Iron supplements within 2 hours of taking this medication.
DB00256	Lymecycline	Do not to take any indigestion remedies, iron or zinc supplements at the same time as this medicine.
DB00261	Anagrelide	Food appears to reduce the area under the curve by 13.8%, without clinical consequence.
DB00261	Anagrelide	Take without regard to meals.
DB00262	Carmustine	Echinacea
DB00264	Metoprolol	Avoid alcohol.
DB00264	Metoprolol	Avoid natural licorice.
DB00264	Metoprolol	Take with food.
DB00275	Olmesartan	Food does not affect the bioavailability of olmesartan.
DB00277	Theophylline	Avoid alcohol.
DB00277	Theophylline	Avoid excessive quantities of coffee or tea (Caffeine).
DB00277	Theophylline	Take with food.
DB00278	Argatroban	Herbs and food with anticoagulant/antiplatelet activity. Major interactions may occur with danshen, dong quai, evening primrose oil, gingko, policosanol, willow bark
DB00280	Disopyramide	Avoid alcohol.
DB00280	Disopyramide	Take without regard to meals.
DB00283	Clemastine	Avoid alcohol.
DB00283	Clemastine	Take with food.
DB00284	Acarbose	Take with food, at beginning of each meal.
DB00285	Venlafaxine	Avoid alcohol.
DB00285	Venlafaxine	Avoid St.John's Wort.
DB00285	Venlafaxine	Take with food.
DB00286	Conjugated Estrogens	Avoid alcohol.
DB00286	Conjugated Estrogens	Avoid excessive quantities of coffee or tea (Caffeine).
DB00286	Conjugated Estrogens	Take with food to reduce nausea.
DB00289	Atomoxetine	In the presence of food, the absorption rate is reduced, without the quantity absorbed being affected.
DB00289	Atomoxetine	Take without regard to meals.
DB00291	Chlorambucil	Drink liberally.
DB00291	Chlorambucil	Echinacea should be used with caution, if at all, in patients receiving therapeutic immunosuppressants. Monitor for reduced efficacy of the immunosuppressant during concomitant use.
DB00291	Chlorambucil	Food reduces bioavailability.
DB00291	Chlorambucil	Take on an empty stomach.
DB00294	Etonogestrel	Avoid alcohol.
DB00294	Etonogestrel	Avoid excessive quantities of coffee or tea (Caffeine).
DB00294	Etonogestrel	Increase dietary intake of magnesium, folate, vitamin B6, B12, and/or consider taking a multivitamin.
DB00294	Etonogestrel	Take at the same time everyday.
DB00294	Etonogestrel	Take with food.
DB00295	Morphine	Avoid alcohol.
DB00295	Morphine	Take with food.
DB00295	Morphine	To avoid constipation: increase your daily intake of fiber (beans, whole grains, vegetables).
DB00301	Flucloxacillin	Take on an empty stomach.
DB00310	Chlorthalidone	Take with food (increases availability).
DB00313	Valproic Acid	Avoid alcohol.
DB00313	Valproic Acid	Do not take with milk.
DB00313	Valproic Acid	Take with food.
DB00316	Acetaminophen	Avoid alcohol (may increase risk of hepatotoxicity).
DB00316	Acetaminophen	Take without regard to meals.
DB00317	Gefitinib	Avoid fresh grapefruit and its juice during therapy as grapefruit may increase serum product levels.
DB00317	Gefitinib	Take without regard to meals.
DB00318	Codeine	Avoid alcohol.
DB00318	Codeine	Take with food, food reduces irritation.
DB00318	Codeine	To avoid constipation: increase your daily intake of fiber (beans, whole grains, vegetables).
DB00321	Amitriptyline	Avoid alcohol.
DB00321	Amitriptyline	Avoid excessive quantities of coffee or tea (caffeine).
DB00321	Amitriptyline	Avoid St.John's Wort.
DB00321	Amitriptyline	Take with food to reduce irritation.
DB00327	Hydromorphone	Take without regard to meals. Avoid alcohol.
DB00328	Indomethacin	Avoid alcohol.
DB00328	Indomethacin	Take with food or antacids to reduce irritation.
DB00330	Ethambutol	Take with food to reduce irritation.
DB00331	Metformin	Avoid alcohol.
DB00331	Metformin	Take with food to reduce gastric irritation.
DB00333	Methadone	Take without regard to meals. Avoid alcohol. Usually diluted in fruit juice.
DB00334	Olanzapine	Avoid alcohol.
DB00334	Olanzapine	Take without regard to meals.
DB00335	Atenolol	Consult your doctor before taking large amounts of Vitamin K (Green leafy vegetables).
DB00335	Atenolol	Take 30-60 minutes before meals, take at the same time each day.
DB00338	Omeprazole	Avoid alcohol.
DB00338	Omeprazole	Take 30-60 minutes before meals.
DB00339	Pyrazinamide	Take without regard to meals.
DB00341	Cetirizine	Avoid alcohol.
DB00341	Cetirizine	Take without regard to meals.
DB00343	Diltiazem	Avoid natural licorice.
DB00343	Diltiazem	Take this medication 30 minutes before meals.
DB00346	Alfuzosin	Take after a meal (always the same meal), product bioavailability is reduced when taken on an empty stomach.
DB00349	Clobazam	Alcohol increases clobazam absorption by 50%.
DB00349	Clobazam	Take without regard to meals.
DB00350	Minoxidil	Take without regard to meals.
DB00351	Megestrol	Take with food.
DB00356	Chlorzoxazone	Avoid alcohol.
DB00356	Chlorzoxazone	Take without regard to meals.
DB00357	Aminoglutethimide	Take without regard to meals.
DB00358	Mefloquine	Avoid alcohol.
DB00358	Mefloquine	Take with a full glass of water.
DB00358	Mefloquine	Take with food.
DB00363	Clozapine	Avoid alcohol.
DB00363	Clozapine	Limit caffeine intake (may reduce clozapine matabolism).
DB00363	Clozapine	Take without regard to meals.
DB00364	Sucralfate	Avoid alcohol.
DB00364	Sucralfate	Do not take calcium, aluminum, magnesium or Iron supplements within 2 hours of taking this medication.
DB00364	Sucralfate	Take on empty stomach: 1 hour before or 2 hours after meals.
DB00364	Sucralfate	Take with a full glass of water.
DB00365	Grepafloxacin	Drink liberally but avoid coffee.
DB00365	Grepafloxacin	Take without regard to meals.
DB00367	Levonorgestrel	Avoid alcohol.
DB00367	Levonorgestrel	Avoid excessive quantities of coffee or tea (Caffeine).
DB00367	Levonorgestrel	Increase dietary intake of magnesium, folate, vitamin B6, B12, and/or consider taking a multivitamin.
DB00367	Levonorgestrel	Take at the same time everyday.
DB00367	Levonorgestrel	Take with food.
DB00370	Mirtazapine	Take without regard to meals. Avoid alcohol.
DB00371	Meprobamate	Take without regard to meals. Avoid alcohol.
DB00375	Colestipol	Take with food.
DB00379	Mexiletine	Take with food to reduce irritation.
DB00381	Amlodipine	Avoid natural licorice.
DB00381	Amlodipine	Grapefruit down regulates post-translational expression of CYP3A4, the major metabolizing enzyme of amlodipine. Grapefruit, in all forms (e.g. whole fruit, juice and rind), can significantly increase serum levels of amlodipine and may cause toxicity. Avoid grapefruit products while on this medication. 
DB00381	Amlodipine	Take without regard to meals.
DB00388	Phenylephrine	Take without regard to meals.
DB00390	Digoxin	Avoid avocado.
DB00390	Digoxin	Avoid bran and high fiber foods within 2 hours of taking this medication.
DB00390	Digoxin	Avoid excess salt/sodium unless otherwise instructed by your physician.
DB00390	Digoxin	Avoid milk, calcium containing dairy products, iron, antacids, or aluminum salts 2 hours before or 6 hours after using antacids while on this medication.
DB00390	Digoxin	Avoid salt substitutes containing potassium.
DB00390	Digoxin	Limit garlic, ginger, gingko, and horse chestnut.
DB00393	Nimodipine	Grapefruit down regulates post-translational expression of CYP3A4, the major metabolizing enzyme of nimodipine. Grapefruit, in all forms (e.g. whole fruit, juice and rind), can significantly increase serum levels of nimodipine and may cause toxicity. Avoid grapefruit products while on this medication.
DB00393	Nimodipine	Take at the same time each day, with or without food, but always in the same manner.
DB00395	Carisoprodol	Avoid alcohol.
DB00395	Carisoprodol	Take without regard to meals.
DB00396	Progesterone	Avoid alcohol.
DB00396	Progesterone	Avoid excessive quantities of coffee or tea (Caffeine).
DB00396	Progesterone	Increase dietary intake of magnesium, folate, vitamin B6, B12, and/or consider taking a multivitamin.
DB00396	Progesterone	Take at the same time everyday.
DB00396	Progesterone	Take with food.
DB00397	Phenylpropanolamine	Limit caffeine intake.
DB00397	Phenylpropanolamine	Take without regard to meals.
DB00400	Griseofulvin	 Avoid alcohol.
DB00400	Griseofulvin	Take this medication with a high fat meal, fatty foods increase bioavailability.
DB00401	Nisoldipine	Do not take with grapefruit juice as this has been shown to interfere with nisoldipine metabolism, resulting in a mean increase in C<sub>max</sub> of about 3-fold (up to about 7-fold) and AUC of almost 2-fold (up to 5-fold).
DB00404	Alprazolam	Avoid alcohol.
DB00404	Alprazolam	Avoid excessive quantities of coffee or tea (Caffeine).
DB00404	Alprazolam	Avoid taking with grapefruit juice.
DB00404	Alprazolam	Take with food.
DB00408	Loxapine	Take with food to reduce irritation. Avoid alcohol.
DB00409	Remoxipride	Take without regard to meals.
DB00413	Pramipexole	Take without regard to meals, however if nausea is a problem, taking the product with food may reduce its incidence.
DB00414	Acetohexamide	Avoid alcohol.
DB00414	Acetohexamide	Take without regard to meals.
DB00415	Ampicillin	Take on an empty stomach.
DB00417	Penicillin V	Absorption is increased when taken on an empty stomach (one hour before or two hours after meals).
DB00419	Miglustat	Take without regard to meals, but always at the same time and in the same way.
DB00421	Spironolactone	Avoid alcohol.
DB00421	Spironolactone	Food increases the bioavailability of spironolactone by almost 100%. 
DB00421	Spironolactone	Spironolactone may decrease the excretion of potassium. Salt substitutes containing potassium increase the risk of hyperkalemia.
DB00422	Methylphenidate	Avoid alcohol.
DB00422	Methylphenidate	Avoid excessive quantities of coffee or tea (Caffeine).
DB00422	Methylphenidate	Take on empty stomach: 1 hour before or 2 hours after meals.
DB00423	Methocarbamol	Avoid alcohol.
DB00423	Methocarbamol	Take without regard to meals.
DB00424	Hyoscyamine	Take 30 minutes before meals, and at bedtime.
DB00425	Zolpidem	Avoid alcohol.
DB00425	Zolpidem	Should not be administered with or immediately after a meal.
DB00426	Famciclovir	Take without regard to meals.
DB00433	Prochlorperazine	Avoid alcohol.
DB00433	Prochlorperazine	Take with a full glass of water Avoid excessive quantities of coffee or tea (Caffeine).
DB00433	Prochlorperazine	Take with food.
DB00434	Cyproheptadine	Avoid alcohol.
DB00434	Cyproheptadine	Take with food.
DB00436	Bendroflumethiazide	Take with food to increase bioavailability.
DB00437	Allopurinol	Avoid alcohol.
DB00437	Allopurinol	Take with a full glass of water.
DB00437	Allopurinol	Take with food.
DB00439	Cerivastatin	Grapefruit and grapefruit juice should be avoided throughout treatment as grapefruit can significantly increase serum levels of this product.
DB00439	Cerivastatin	Take without regard to meals.
DB00440	Trimethoprim	Do not take calcium, aluminium, magnesium or iron supplements within 2 hours of taking this medication.
DB00440	Trimethoprim	Take on empty stomach: 1 hour before or 2 hours after meals.
DB00440	Trimethoprim	Take with a full glass of water.
DB00442	Entecavir	Take on an empty stomach.
DB00442	Entecavir	Taking the product with a high-fat meal or a light snack reduces the maximal concentration by 44 to 46% and total exposure by 18 to 20%.
DB00443	Betamethasone	Take with food to reduce irritation.
DB00445	Epirubicin	Liberal fluid intake to increase urine output and help the excretion of uric acid.
DB00446	Chloramphenicol	Take on an empty stomach.
DB00447	Loracarbef	Take on an empty stomach. Food reduces Cmax by 50 to 60%.
DB00448	Lansoprazole	Avoid alcohol.
DB00448	Lansoprazole	Food reduces bioavailabilty, but this has very little clinical impact.
DB00448	Lansoprazole	Take 30-60 minutes before meals.
DB00451	Levothyroxine	Absorption increased in fasting state and decreased in malabsorption states.
DB00451	Levothyroxine	Consistent administration in relation to meals is recommended.
DB00451	Levothyroxine	No iron or calium carbonate within 4 hours of taking this medication.
DB00451	Levothyroxine	Oral administration with infant soybean formula, soybean flour, cotton seed meal, walnuts, foods containing large amounts of fiber, ferrous sulfate, and antacids may decrease drug absorption. 
DB00451	Levothyroxine	Take 30-60 minutes before breakfast.
DB00454	Meperidine	Take without regard to meals. Avoid alcohol.
DB00455	Loratadine	Take on empty stomach: 1 hour before or 2 hours after meals.
DB00457	Prazosin	Avoid alcohol.
DB00457	Prazosin	Avoid natural licorice.
DB00457	Prazosin	Take without regard to meals.
DB00458	Imipramine	Avoid alcohol.
DB00458	Imipramine	Avoid excessive quantities of coffee or tea (caffeine).
DB00458	Imipramine	Avoid St.John's Wort.
DB00458	Imipramine	Do not take fibers at the same time.
DB00458	Imipramine	Take with food.
DB00461	Nabumetone	Avoid alcohol.
DB00461	Nabumetone	Take with food for faster absorption.
DB00465	Ketorolac	Take with food to reduce GI irritation
DB00468	Quinine	Take with food to reduce irritation.
DB00470	Dronabinol	Avoid alcohol.
DB00470	Dronabinol	Take without regard to meals.
DB00471	Montelukast	Take without regard to meals.
DB00472	Fluoxetine	Avoid alcohol.
DB00472	Fluoxetine	Take with food to reduce irritation and nausea.
DB00475	Chlordiazepoxide	Avoid alcohol.
DB00475	Chlordiazepoxide	Take without regard to meals.
DB00476	Duloxetine	Food does not affect maximum levels reached, but delays it (from 6 to 10 hours) and total product exposure appears to be reduced by only 10%.
DB00476	Duloxetine	People taking this product who drink large amounts of alcohol are exposed to a higher risk of liver toxicity.
DB00476	Duloxetine	Take without regard to meals.
DB00477	Chlorpromazine	Avoid alcohol.
DB00477	Chlorpromazine	Take with food to reduce irritation.
DB00481	Raloxifene	Avoid alcohol.
DB00481	Raloxifene	Take without regard to meals.
DB00482	Celecoxib	Take without regard to meals.
DB00482	Celecoxib	Taking this product with a high-fat meal will delay the Cmax, but total absorption will be increased by 10 to 20%.
DB00485	Dicloxacillin	Take on an empty stomach, food decreases the availability.
DB00486	Nabilone	Take without regard to meals. Avoid alcohol.
DB00490	Buspirone	Always take at the same time with respect to meals.
DB00490	Buspirone	Avoid alcohol.
DB00490	Buspirone	Avoid taking grapefruit or grapefruit juice throughout treatment.
DB00490	Buspirone	Take with food.
DB00491	Miglitol	Take with food, at beginning of each meal. Iron needs increased.
DB00492	Fosinopril	Do not take calcium, aluminum, magnesium or iron supplements, or antacids within 2 hours of taking this medication.
DB00492	Fosinopril	Fosinopril may decrease the excretion of potassium. Salt substitutes containing potassium may increase the risk of hyperkalemia. 
DB00492	Fosinopril	Herbs that may attenuate the antihypertensive effect of fosinopril include: bayberry, blue cohash, cayenne, ephedra, ginger, ginseng (American), kola and licorice. 
DB00492	Fosinopril	High salt intake may attenuate the antihypertensive effect of fosinopril. 
DB00492	Fosinopril	Take without regard to meals.
DB00494	Entacapone	Take without regard to meals.
DB00496	Darifenacin	Take without regard to meals.
DB00497	Oxycodone	Take without regard to meals. Avoid alcohol.
DB00499	Flutamide	Take without regard to meals.
DB00501	Cimetidine	Avoid alcohol.
DB00501	Cimetidine	Best effect when taken with food.
DB00501	Cimetidine	Limit caffeine intake.
DB00502	Haloperidol	Take with food to reduce irritation, limit caffeine intake. Avoid alcohol.
DB00503	Ritonavir	Avoid St.John's Wort.
DB00503	Ritonavir	Take with food.
DB00509	Dextrothyroxine	Take without regard to meals.
DB00513	Aminocaproic Acid	Take without regard to meals.
DB00514	Dextromethorphan	Take without regard to meals.
DB00515	Cisplatin	Echinacea should be used with caution, if at all, in patients receiving therapeutic immunosuppressants. Monitor for reduced efficacy of the immunosuppressant during concomitant use. 
DB00519	Trandolapril	Herbs that may attenuate the antihypertensive effect of trandolapril include: bayberry, blue cohash, cayenne, ephedra, ginger, ginseng (American), kola and licorice.  
DB00519	Trandolapril	High salt intake may attenuate the antihypertensive effect of trandolapril. 
DB00519	Trandolapril	Take without regard to meals.
DB00519	Trandolapril	Trandolapril may decrease the excretion of potassium. Salt substitutes containing potassium may increase the risk of hyperkalemia. 
DB00524	Metolazone	Take with food to reduce gastric irritation.
DB00530	Erlotinib	Take at least 1 hour before or 2 hours after any food.
DB00530	Erlotinib	Take with a glass of water.
DB00531	Cyclophosphamide	Drink liberally- 2 to 3 liters/day.
DB00531	Cyclophosphamide	Take with food to reduce irritation.
DB00535	Cefdinir	Avoid taking antacids at same time (up to 2 hours before or after antibiotic).
DB00535	Cefdinir	Avoid taking iron preparations at same time (up to 2 hours before or after antibiotic).
DB00535	Cefdinir	Take without regard to meals.
DB00537	Ciprofloxacin	Avoid excessive quantities of coffee or tea (Caffeine).
DB00537	Ciprofloxacin	Avoid milk, calcium containing dairy products, iron, magnesium, zinc, antacids, or aluminum salts 2 hours before or 6 hours after using antacids while on this medication.
DB00537	Ciprofloxacin	Take with a full glass of water.
DB00537	Ciprofloxacin	Take without regard to meals.
DB00540	Nortriptyline	Avoid alcohol.
DB00540	Nortriptyline	Avoid excessive quantities of coffee or tea (caffeine).
DB00540	Nortriptyline	Take with food to reduce irritation.
DB00542	Benazepril	Benazepril may decrease the excretion of potassium. Salt um may increase the risk of hyperkalemia. substitutes containing potassi
DB00542	Benazepril	Food slows absorption without decreasing the quantity absorbed.
DB00542	Benazepril	Herbs that may attenuate the antihypertensive effect of benazepril include: bayberry, blue cohash, cayenne, ephedra, ginger, ginseng (American), kola and licorice. 
DB00542	Benazepril	High salt intake may attenuate the antihypertensive effect of benazepril.
DB00542	Benazepril	Take without regard to meals.
DB00543	Amoxapine	Avoid alcohol.
DB00543	Amoxapine	Take with food to reduce irritation.
DB00544	Fluorouracil	Vitamin B1 needs increased with long term use.
DB00545	Pyridostigmine	Take with food to decrease adverse effects.
DB00549	Zafirlukast	Take on empty stomach: 1 hour before or 2 hours after meals.
DB00550	Propylthiouracil	Take at the same time everyday.
DB00553	Methoxsalen	Take with food or milk, or in two divided doses 30 minutes apart to decrease nausea.
DB00554	Piroxicam	Take with food. Avoid alcohol.
DB00555	Lamotrigine	Take without regard to meals.
DB00557	Hydroxyzine	Avoid alcohol.
DB00557	Hydroxyzine	Take with food.
DB00559	Bosentan	Take without regard to meals.
DB00563	Methotrexate	Milk appears to reduce its absorption.
DB00563	Methotrexate	Take without regard to meals. Limit caffeine intake.
DB00564	Carbamazepine	Avoid alcohol.
DB00564	Carbamazepine	Avoid taking grapefruit or grapefruit juice throughout treatment.
DB00564	Carbamazepine	Grapefruit can significantly increase serum levels of this product.
DB00564	Carbamazepine	Take with food, increases availability and reduces irritation.
DB00567	Cephalexin	Take on empty stomach: 1 hour before or 2 hours after meals.
DB00571	Propranolol	Avoid alcohol.
DB00571	Propranolol	Avoid natural licorice.
DB00571	Propranolol	Take with food.
DB00572	Atropine	Avoid alcohol.
DB00572	Atropine	Take with food.
DB00573	Fenoprofen	Avoid alcohol.
DB00573	Fenoprofen	Take with food to reduce irritation.
DB00574	Fenfluramine	Take without regard to meals.
DB00575	Clonidine	Avoid alcohol.
DB00575	Clonidine	Take without regard to meals.
DB00578	Carbenicillin	Take on an empty stomach.
DB00579	Mazindol	If product causes GI problems, it can be taken during meals.
DB00579	Mazindol	May be taken without regard to meals, but preferably 1 hour before a meal.
DB00581	Lactulose	Take without regard to meals. Drink liberally.
DB00584	Enalapril	Enalapril decreases the excretion of potassium. Salt substitutes containing potassium increase the risk of hyperkalemia. 
DB00584	Enalapril	Herbs that may attenuate the antihypertensive effect of enalapril include: bayberry, blue cohash, cayenne, ephedra, ginger, ginseng (American), kola and licorice.  
DB00584	Enalapril	High salt intake may attenuate the antihypertensive effect of enalapril.
DB00584	Enalapril	Take without regard to meals.
DB00585	Nizatidine	Avoid alcohol.
DB00585	Nizatidine	Avoid excessive quantities of coffee or tea (Caffeine).
DB00585	Nizatidine	Do not take Aluminum or magnesium antacids or supplements while on this medication.
DB00585	Nizatidine	May take Vitamin D.
DB00585	Nizatidine	No iron, zinc or fluoride within 2 hours of taking this medication.
DB00585	Nizatidine	Take without regard to meals.
DB00586	Diclofenac	Avoid alcohol.
DB00586	Diclofenac	Take with food to reduce irritation.
DB00590	Doxazosin	Avoid alcohol.
DB00590	Doxazosin	Avoid natural licorice.
DB00590	Doxazosin	Take without regard to meals.
DB00592	Piperazine	Take without regard to meals.
DB00593	Ethosuximide	Avoid alcohol.
DB00593	Ethosuximide	Take with food.
DB00594	Amiloride	Avoid drastic changes in dietary habit.
DB00594	Amiloride	Avoid natural licorice.
DB00594	Amiloride	Avoid salt substitutes containing potassium.
DB00594	Amiloride	Take with food to reduce irritation.
DB00598	Labetalol	Take without regard to meals.
DB00601	Linezolid	Take without regard to meals.
DB00603	Medroxyprogesterone	Take with food.
DB00604	Cisapride	Grapefruit and grapefruit juice should be avoided throughout treatment, grapefruit can significantly increase serum levels of this product.
DB00604	Cisapride	Increases absorption, take 30 minutes before a meal.
DB00608	Chloroquine	Take with food to reduce irritation and increase bioavailability.
DB00611	Butorphanol	Avoid alcohol.
DB00612	Bisoprolol	Take without regard to meals.
DB00615	Rifabutin	High-fat meals slow the rate of absorption.
DB00615	Rifabutin	Take with food to reduce irritation.
DB00618	Demeclocycline	Avoid milk and multivalent ions.
DB00618	Demeclocycline	Take on an empty stomach.
DB00619	Imatinib	Take with food to reduce the incidence of gastric irritation. Follow with a large glass of water. A lipid rich meal will slightly reduce and delay absorption. Avoid grapefruit and grapefruit juice throughout treatment, grapefruit can significantly increase serum levels of this product.
DB00622	Nicardipine	Grapefruit and grapefruit juice should be avoided throughout treatment. Grapefruit can increase serum levels of this product.
DB00622	Nicardipine	Take without regard to meals.
DB00623	Fluphenazine	Avoid alcohol.
DB00623	Fluphenazine	Take with food to reduce irritation.
DB00625	Efavirenz	Avoid excessive or chronic alcohol consumption.
DB00625	Efavirenz	Take without regard to meals.
DB00627	Niacin	Avoid alcohol.
DB00627	Niacin	Take with food.
DB00628	Clorazepate	Avoid alcohol.
DB00628	Clorazepate	Take without regard to meals.
DB00630	Alendronate	Take 30-60 minutes before breakfast.
DB00630	Alendronate	Take with a full glass of water.
DB00631	Clofarabine	Echinacea should be used with caution, if at all, in patients receiving therapeutic immunosuppressants. Monitor for reduced efficacy of the immunosuppressant during concomitant use. 
DB00635	Prednisone	Avoid alcohol.
DB00635	Prednisone	Avoid taking with grapefruit juice.
DB00635	Prednisone	Take with food to reduce irritation.
DB00636	Clofibrate	Take with food, since it may reduce gastric irritation.
DB00637	Astemizole	Take on an empty stomach, food decreases absorption by 60%.
DB00640	Adenosine	Avoid caffeine containing foods and drinks.
DB00641	Simvastatin	Avoid alcohol.
DB00641	Simvastatin	Avoid drastic changes in dietary habit.
DB00641	Simvastatin	Avoid taking with grapefruit juice.
DB00643	Mebendazole	Lipid rich meals may improve absorption.
DB00643	Mebendazole	Take with food.
DB00646	Nystatin	Take without regard to meals.
DB00647	Propoxyphene	Take without regard to meals. Avoid alcohol.
DB00648	Mitotane	Take without regard to meals.
DB00652	Pentazocine	Take without regard to meals. Avoid alcohol.
DB00656	Trazodone	Avoid alcohol.
DB00656	Trazodone	Food decreases the rate and extent of absorption. 
DB00659	Acamprosate	Take without regard to meals.
DB00659	Acamprosate	Taking the product with food reduces its C<sub>max</sub> by 42% and total drug exposure by 23% (not considered significant).
DB00661	Verapamil	Avoid alcohol.
DB00661	Verapamil	Avoid excessive quantities of coffee or tea (Caffeine).
DB00661	Verapamil	Avoid natural licorice.
DB00661	Verapamil	Avoid taking with grapefruit juice.
DB00661	Verapamil	Take with food.
DB00665	Nilutamide	Avoid alcohol.
DB00665	Nilutamide	Take before breakfast.
DB00670	Pirenzepine	Take 30 minutes before breakfast and at bedtime.
DB00671	Cefixime	Preferably on an empty stomach, rate of absorption is decreased but extenet of absorption remains the same: not really problematic.
DB00672	Chlorpropamide	Avoid alcohol.
DB00672	Chlorpropamide	Food reduces the rate of absorption.
DB00672	Chlorpropamide	Take 30 minutes before meal.
DB00673	Aprepitant	Take without regard to meals.
DB00674	Galantamine	Take with food.
DB00678	Losartan	Take without regard to meals. Take at same time each day. Food delays absorption, but does not affect the extent of absorption.
DB00682	Warfarin	Avoid alcohol.
DB00682	Warfarin	Avoid drastic changes in dietary habit.
DB00682	Warfarin	Avoid St. John's Wort.
DB00682	Warfarin	Consult your doctor before ingesting large amounts of dietary Vitamin K (e.g. from green leafy vegetables).
DB00682	Warfarin	Limit garlic, ginger, gingko, and horse chestnut.
DB00683	Midazolam	Grapefruit juice slows the product's absorption and significantly increases its bioavailability.
DB00686	Pentosan Polysulfate	Take on an empty stomach, 1 hour before or 2 hours after meals.
DB00687	Fludrocortisone	Avoid excess salt/sodium unless otherwise instructed by your physician.
DB00687	Fludrocortisone	Take with food to reduce irritation.
DB00688	Mycophenolate mofetil	Do not take calcium, aluminium, magnesium or iron supplements within 2 hours of taking this medication.
DB00688	Mycophenolate mofetil	Take on empty stomach: 1 hour before or 2 hours after meals.
DB00690	Flurazepam	Avoid alcohol.
DB00690	Flurazepam	Take without regard to meals.
DB00691	Moexipril	Herbs that may attenuate the antihypertensive effect of moexipril include: bayberry, blue cohash, cayenne, ephedra, ginger, ginseng (American), kola and licorice. 
DB00691	Moexipril	High salt intake may attenuate the antihypertensive effect of moexipril.  
DB00691	Moexipril	Moexipril may decrease the excretion of potassium. Salt substitutes containing potassium may increase the risk of hyperkalemia. 
DB00691	Moexipril	Take moexipril one hour before or two hours after meals. 
DB00695	Furosemide	Avoid alcohol.
DB00695	Furosemide	Avoid excess salt/sodium unless otherwise instructed by your physician.
DB00695	Furosemide	Increase potassium intake; add a banana or orange juice; unless instructed otherwise.
DB00695	Furosemide	Take with food to reduce irritation.
DB00696	Ergotamine	Caffeine increases absorption.
DB00696	Ergotamine	Take without regard to meals.
DB00698	Nitrofurantoin	Do not take magnesium at the same time.
DB00698	Nitrofurantoin	Take with food since it increases bioavailability and reduces irritation.
DB00701	Amprenavir	Avoid alcohol, especially with the oral solution since it contains propylene glycol which competes with alcohol for alcohol dehydrogenase metabolism.
DB00701	Amprenavir	Take with or without food, however avoid lipid-rich meals.
DB00701	Amprenavir	Vitamin E increases amprenavir bioavailability.
DB00703	Methazolamide	Take with food, more than 6 hours before bedtime increase liquid intake.
DB00704	Naltrexone	Take without regard to meals.
DB00705	Delavirdine	Take without regard to meals.
DB00706	Tamsulosin	Take 30 minutes after a meal (always after the same meal). Taking the drug with food minimizes plasma levels variations.
DB00709	Lamivudine	Take without regard to meals. Food does not decrease the extent of absorption, but it decreases the Cmax by slowing the rate of absorption.
DB00710	Ibandronate	Take on an empty stomach. All foods markedly reduce (up to 90%) ibandronate bioavailabilty. Take with plain water (not mineralized) at least 1 hour before any food. Bioavailability and effect on bone density are both impaired if the patient eats or drinks in less than 1 hour after taking this product. Drink a large glass of water and stay in an upright position for at least 60 minutes after taking this product.
DB00712	Flurbiprofen	Avoid alcohol.
DB00712	Flurbiprofen	Take with food to reduce gastric irritation.
DB00715	Paroxetine	Take without regard to meals. Avoid alcohol.
DB00717	Norethindrone	Take without regard to meals.
DB00718	Adefovir Dipivoxil	Take without regard to meals.
DB00719	Azatadine	Avoid alcohol.
DB00719	Azatadine	Take with food to reduce irritation.
DB00720	Clodronate	Food decreases absorption. Take on an empty stomach.
DB00722	Lisinopril	Herbs that may attenuate the antihypertensive effect of lisinopril include: bayberry, blue cohash, cayenne, ephedra, ginger, ginseng (American), kola and licorice. 
DB00722	Lisinopril	High salt intake may attenuate the antihypertensive effect of lisinopril.
DB00722	Lisinopril	Lisinopril decreases the excretion of potassium. Salt substitutes containing potassium increase the risk of hyperkalemia. 
DB00722	Lisinopril	Take without regard to meals.
DB00727	Nitroglycerin	Avoid alcohol.
DB00727	Nitroglycerin	Dissolve under the tongue.
DB00727	Nitroglycerin	Take on empty stomach: 1 hour before or 2 hours after meals.
DB00731	Nateglinide	Take upto 30 minutes before meals.
DB00736	Esomeprazole	Take without regard to meals.
DB00737	Meclizine	Take with food to reduce irritation. Avoid alcohol.
DB00740	Riluzole	Take on an empty stomach 1 hour before or 2 hours after meals.
DB00741	Hydrocortisone	Take with food to reduce irritation. Calcium, phosphorous, potassium, Vitamin A, C, D and zinc needs increased with long term use.
DB00745	Modafinil	Take without regard to meals.
DB00749	Etodolac	Avoid alcohol.
DB00749	Etodolac	Food increases the peak plasma concentration of extended-release tablets with no effect on extent of absorption.
DB00749	Etodolac	Food increases the time to peak concentration of regular release oral formulations by 1.4 to 3.8 hours with no effect on extent of absorption. 
DB00749	Etodolac	Take with food to reduce gastric irritation.
DB00752	Tranylcypromine	Avoid aged foods (chesse, red wine), pickled foods, cured foods (bacon/ham), chocolate, fava beans, beer, unless approved by your physician.
DB00752	Tranylcypromine	Avoid alcohol.
DB00752	Tranylcypromine	Avoid excessive quantities of coffee or tea (caffeine).
DB00752	Tranylcypromine	Avoid St. John's Wort.
DB00757	Dolasetron	Take without regard to meals.
DB00758	Clopidogrel	Take without regard to meals.
DB00759	Tetracycline	Avoid milk, calcium containing dairy products, iron, antacids, or aluminium salts 2 hours before or 6 hours after using antacids while on this medication.
DB00759	Tetracycline	Take on empty stomach: 1 hour before or 2 hours after meals.
DB00759	Tetracycline	Take with a full glass of water.
DB00761	Potassium Chloride	Take with a full glass of water Take after a full meal.
DB00763	Methimazole	Always take at the same moment in regard to meals, food may affect absorption unpredictably.
DB00773	Etoposide	Grapefruit and grapefruit juice should be avoided throughout treatment as grapefruit can decrease serum levels of this product.
DB00776	Oxcarbazepine	Take without regard to meals. Avoid alcohol.
DB00779	Nalidixic Acid	Take with food to reduce irritation. Drink liberally.
DB00780	Phenelzine	Avoid aged foods (cheese, red wine), pickled foods, cured foods (bacon/ham), chocolate, fava beans, beer, unless approved by your physician.
DB00780	Phenelzine	Avoid alcohol.
DB00780	Phenelzine	Avoid excessive quantities of coffee or tea (Caffeine).
DB00780	Phenelzine	Avoid St.John's Wort.
DB00780	Phenelzine	Take without regard to meals.
DB00783	Estradiol	Take with food to decrease nausea.
DB00784	Mefenamic acid	Avoid alcohol.
DB00784	Mefenamic acid	Take with food.
DB00787	Aciclovir	Increase liquid intake.
DB00787	Aciclovir	Take without regard to meals.
DB00788	Naproxen	Avoid alcohol.
DB00788	Naproxen	Take with a full glass of water.
DB00788	Naproxen	Take with food.
DB00790	Perindopril	Herbs that may attenuate the antihypertensive effect of perindopril include: bayberry, blue cohash, cayenne, ephedra, ginger, ginseng (American), kola and licorice. 
DB00790	Perindopril	High salt intake may attenuate the antihypertensive effect of perindopril.
DB00790	Perindopril	Perindopril may decrease the excretion of potassium. Salt substitutes containing potassium may increase the risk of hyperkalemia. 
DB00790	Perindopril	Take without regard to meals.
DB00794	Primidone	Avoid alcohol.
DB00794	Primidone	Avoid high doses of caffeine.
DB00794	Primidone	Take with food to reduce gastric irritation.
DB00795	Sulfasalazine	May take Vitamin D.
DB00795	Sulfasalazine	Take with a full glass of water No iron, zinc or fluoride within 2 hours of taking this medication.
DB00795	Sulfasalazine	Take with food.
DB00796	Candesartan	Administer on a regular basis, at about the same time each day.
DB00796	Candesartan	Take without regard to meals.
DB00804	Dicyclomine	Avoid alcohol.
DB00804	Dicyclomine	Take this medication 30 minutes before meals.
DB00806	Pentoxifylline	Take with food to reduce irritation. Limit caffeine intake.
DB00808	Indapamide	Take without regard to meals. Magnesium, potassium and zinc needs increased.
DB00810	Biperiden	Avoid alcohol.
DB00810	Biperiden	Take with food.
DB00812	Phenylbutazone	Take with food to reduce irritation. Avoid alcohol.
DB00813	Fentanyl	Avoid alcohol.
DB00814	Meloxicam	Take without regard to meals.
DB00816	Orciprenaline	Avoid high doses of caffeine.
DB00816	Orciprenaline	Take without regard to meals.
DB00819	Acetazolamide	Drink plenty of liquids.
DB00819	Acetazolamide	Take with food; at least 6 hours before bedtime.
DB00822	Disulfiram	Avoid alcohol for up to 14 days after treatment has been stopped.
DB00822	Disulfiram	Take without regard to meals.
DB00828	Fosfomycin	Food decreases Cmax slightly.
DB00828	Fosfomycin	Take without regard to meals.
DB00829	Diazepam	Avoid alcohol.
DB00829	Diazepam	Avoid excessive quantities of coffee or tea (caffeine).
DB00829	Diazepam	Avoid taking with grapefruit or grapefruit juice as grapefruit can significantly increase serum levels of this product.
DB00829	Diazepam	Take with food.
DB00833	Cefaclor	Preferably on an empty stomach, not really problematic.
DB00835	Brompheniramine	Avoid alcohol.
DB00835	Brompheniramine	Take with food.
DB00836	Loperamide	Take without regard to meals. Increase liquid intake.
DB00842	Oxazepam	Avoid alcohol.
DB00842	Oxazepam	Avoid excessive quantities of coffee or tea (Caffeine).
DB00842	Oxazepam	Take with food.
DB00843	Donepezil	Avoid alcohol.
DB00843	Donepezil	Take without regard to meals.
DB00848	Levamisole	Take on an empty stomach.
DB00850	Perphenazine	Avoid alcohol.
DB00850	Perphenazine	Do not take calcium, aluminum, magnesium or Iron supplements within 2 hours of taking this medication.
DB00850	Perphenazine	Take with food.
DB00852	Pseudoephedrine	Take without regard to meals.
DB00854	Levorphanol	Take without regard to meals. Avoid alcohol.
DB00859	Penicillamine	Drink liberally.
DB00859	Penicillamine	Food reduces availability, take on an empty stomach.
DB00860	Prednisolone	Avoid alcohol. Avoid caffeine.
DB00860	Prednisolone	Take with food to reduce gastric irritation.
DB00861	Diflunisal	Avoid alcohol.
DB00861	Diflunisal	Food slightly delays rate of absorption with no effect on extent of absorption. 
DB00861	Diflunisal	Take with food to reduce gastric irritation.
DB00863	Ranitidine	Avoid alcohol.
DB00863	Ranitidine	Avoid excessive quantities of coffee or tea (Caffeine).
DB00863	Ranitidine	Avoid milk, calcium containing dairy products, iron, antacids, or aluminum salts 2 hours before or 6 hours after using antacids while on this medication.
DB00863	Ranitidine	Take without regard to meals.
DB00868	Benzonatate	Take without regard to meals.
DB00874	Guaifenesin	Take with a full glass of water.
DB00874	Guaifenesin	Take without regard to meals.
DB00875	Flupenthixol	Avoid alcohol.
DB00875	Flupenthixol	Take with food to reduce irritation.
DB00876	Eprosartan	Take without regard to meals.
DB00879	Emtricitabine	Take without regard to meals.
DB00881	Quinapril	Do not take with a high-fat meal.
DB00881	Quinapril	Herbs that may attenuate the antihypertensive effect of quinapril include: bayberry, blue cohash, cayenne, ephedra, ginger, ginseng (American), kola and licorice. 
DB00881	Quinapril	High salt intake may attenuate the antihypertensive effect of quinapril.
DB00881	Quinapril	Quinapril may decrease the excretion of potassium. Salt substitutes containing potassium may increase the risk of hyperkalemia. 
DB00882	Clomifene	Take without regard to meals.
DB00883	Isosorbide Dinitrate	Take without regard to meals. Absorption is faster on an empty stomach.
DB00887	Bumetanide	Take with food to reduce irritation.
DB00889	Granisetron	Take without regard to meals.
DB00900	Didanosine	Avoid alcohol.
DB00900	Didanosine	Take on empty stomach: 1 hour before or 2 hours after meals.
DB00903	Ethacrynic acid	Take with food to reduce irritation.
DB00904	Ondansetron	Take without regard to meals.
DB00908	Quinidine	Preferably take on an ampty stomach.
DB00912	Repaglinide	Take up to 30 minutes before meals.
DB00913	Anileridine	Take without regard to meals.
DB00915	Amantadine	Avoid alcohol.
DB00915	Amantadine	Take without regard to meals.
DB00916	Metronidazole	Avoid alcohol.
DB00916	Metronidazole	Take with food to reduce irritation.
DB00918	Almotriptan	Take without regard to meals.
DB00918	Almotriptan	The absorption is unaffected by food.
DB00920	Ketotifen	Take without regard to meals.
DB00924	Cyclobenzaprine	Avoid alcohol.
DB00924	Cyclobenzaprine	Take with food to reduce irritation.
DB00926	Etretinate	Avoid alcohol completely up to 2 months after discontinuation.
DB00926	Etretinate	Increases absorption, take with food.
DB00927	Famotidine	Avoid alcohol.
DB00927	Famotidine	Limit caffeine intake.
DB00927	Famotidine	Take without regard to meals, food may slightly increase the product's bioavailability.
DB00929	Misoprostol	Take with food to decrease the incidence of diarrhea.
DB00930	Colesevelam	Drink liberally.
DB00930	Colesevelam	Take with a meal.
DB00933	Mesoridazine	Take with food to reduce irritation.
DB00934	Maprotiline	Take without regard to meals. Limit caffeine intake.
DB00937	Diethylpropion	Take without regard to meals.
DB00943	Zalcitabine	Do not take calcium, aluminium, magnesium or iron supplements within 2 hours of taking this medication.
DB00943	Zalcitabine	Take on empty stomach: 1 hour before or 2 hours after meals.
DB00945	Acetylsalicylic acid	Avoid alcohol, alcohol appears to cause a 50 to 100% increases in ASA serum levels.
DB00945	Acetylsalicylic acid	Take with a full glass of water.
DB00945	Acetylsalicylic acid	Take with food to reduce gastric irritation.
DB00949	Felbamate	Taking it after a meal may reduce the incidence of adverse effects.
DB00950	Fexofenadine	Grapefruit and grapefruit juice should be avoided throughout treatment as grapefruit can significantly decrease serum levels of this product.
DB00950	Fexofenadine	Take without regard to meals.
DB00951	Isoniazid	Avoid aged foods (cheese, red wine), pickled foods, cured foods (bacon/ham), chocolate, fava beans, beer, unless approved by your physician.
DB00951	Isoniazid	Avoid alcohol.
DB00951	Isoniazid	Do not take calcium, aluminum, magnesium or Iron supplements within 2 hours of taking this medication.
DB00951	Isoniazid	Increase dietary intake of magnesium, folate, vitamin B6, B12, and/or consider taking a multivitamin.
DB00951	Isoniazid	Take on empty stomach: 1 hour before or 2 hours after meals.
DB00951	Isoniazid	Take with a full glass of water.
DB00952	Naratriptan	Take without regard to meals.
DB00956	Hydrocodone	Avoid alcohol.
DB00956	Hydrocodone	Take with food.
DB00956	Hydrocodone	To avoid constipation: increase your daily intake of fiber (beans, whole grains, vegetables).
DB00957	Norgestimate	Avoid alcohol.
DB00957	Norgestimate	Avoid excessive quantities of coffee or tea (Caffeine).
DB00957	Norgestimate	Increase dietary intake of magnesium, folate, vitamin B6, B12, and/or consider taking a multivitamin.
DB00957	Norgestimate	Take at the same time everyday.
DB00957	Norgestimate	Take with food.
DB00958	Carboplatin	Avoid echinacea as it may decrease effectiveness of immunosuppresants like carboplatin
DB00960	Pindolol	Magnesium, potassium and zinc needs increased.
DB00960	Pindolol	Take without regard to meals. Avoid alcohol.
DB00967	Desloratadine	Take without regard to meals.
DB00968	Methyldopa	Avoid alcohol.
DB00968	Methyldopa	Avoid natural licorice.
DB00968	Methyldopa	Increase dietary intake of magnesium, folate, vitamin B6, B12, and/or consider taking a multivitamin.
DB00968	Methyldopa	May take Vitamin D.
DB00968	Methyldopa	No iron, zinc or fluoride within 2 hours of taking this medication.
DB00968	Methyldopa	Take without regard to meals.
DB00969	Alosetron	Absorption is decreased by about 25% when taken with meals.
DB00969	Alosetron	Take without regard to meals.
DB00973	Ezetimibe	Take without regard to meals.
DB00975	Dipyridamole	Coffee and tea can decrease the effect of dipyridamole.
DB00975	Dipyridamole	Take with food to reduce irritation.
DB00976	Telithromycin	Take without regard to meals.
DB00980	Ramelteon	Avoid alcohol.
DB00980	Ramelteon	Do not take with or immediately after a high-fat meal.
DB00982	Isotretinoin	Avoid alcohol.
DB00982	Isotretinoin	Take with a full glass of water Do not take supplements containing Vitamin A.
DB00982	Isotretinoin	Take with high-fat meal to increase absorption.
DB00985	Dimenhydrinate	Avoid alcohol.
DB00985	Dimenhydrinate	Take with food.
DB00986	Glycopyrrolate	Take without regard to meals.
DB00990	Exemestane	High-fat meals increase plasma exemestane concentrations by approximately 40%.
DB00991	Oxaprozin	Take with food, usually once a day after breakfast. Food decreases the rate of absorption but not the amount absorbed. Avoid alcohol.
DB00993	Azathioprine	Take with food to reduce irritation.
DB00995	Auranofin	Take with food to reduce irritation.
DB00996	Gabapentin	Avoid alcohol.
DB00996	Gabapentin	Take without regard to meals.
DB00997	Doxorubicin	Liberal fluid intake to increase urine output and help the excretion of uric acid.
DB00998	Frovatriptan	Food does not affect amount of absorption but delays maximal levels by about 1 hour.
DB00998	Frovatriptan	Take without regard to meals.
DB00999	Hydrochlorothiazide	Avoid alcohol.
DB00999	Hydrochlorothiazide	Avoid excess salt/sodium unless otherwise instructed by your physician.
DB00999	Hydrochlorothiazide	Avoid natural licorice.
DB00999	Hydrochlorothiazide	Do not take calcium, aluminum, magnesium or Iron supplements within 2 hours of taking this medication.
DB00999	Hydrochlorothiazide	Increase potassium intake; add a banana or orange juice; unless instructed otherwise.
DB00999	Hydrochlorothiazide	Take with food.
DB01004	Ganciclovir	Take with food, food increases bioavailability.
DB01005	Hydroxyurea	Take without regard to meals. Drink liberally.
DB01006	Letrozole	Take without regard to meals. Food slows absorption without decreasing the quantity absorbed.
DB01008	Busulfan	Drink liberally.
DB01008	Busulfan	Take without regard to meals.
DB01009	Ketoprofen	Avoid alcohol.
DB01009	Ketoprofen	Food prolongs rate of absorption and decreases peak plasma concentration. Extent of absorption is not affected. 
DB01009	Ketoprofen	Take with food to reduce gastric irritation.
DB01012	Cinacalcet	Food markedly increases product bioavailability.
DB01012	Cinacalcet	Peak levels and area under curve (drug exposure) are increased (82% and 68% respectively) when product is taken with a lipid-rich meal.
DB01012	Cinacalcet	Take with food or soon after a meal.
DB01015	Sulfamethoxazole	Do not take calcium, aluminium, magnesium or iron supplements within 2 hours of taking this medication.
DB01015	Sulfamethoxazole	Take on empty stomach: 1 hour before or 2 hours after meals.
DB01015	Sulfamethoxazole	Take with a full glass of water.
DB01016	Glyburide	Avoid alcohol.
DB01016	Glyburide	Take 30-60 minutes before breakfast.
DB01017	Minocycline	Calcium and iron needs increased with long term use.
DB01017	Minocycline	Do not take Aluminum or magnesium antacids or supplements while on this medication.
DB01017	Minocycline	Take with food.
DB01019	Bethanechol	Take on empty stomach: 1 hour before or 2 hours after meals to avoid nausea.
DB01020	Isosorbide Mononitrate	Take without regard to meals.
DB01023	Felodipine	Grapefruit down regulates post-translational expression of CYP3A4, the major metabolizing enzyme of nifedipine. Grapefruit, in all forms (e.g. whole fruit, juice and rind), can significantly increase serum levels of nifedipine and may cause toxicity. Avoid grapefruit products while on this medication. 
DB01023	Felodipine	Take without regard to meals.
DB01026	Ketoconazole	Avoid alcohol.
DB01026	Ketoconazole	Avoid milk, calcium containing dairy products, iron, antacids, or aluminum salts 2 hours before or 6 hours after using antacids while on this medication.
DB01026	Ketoconazole	Take with food.
DB01029	Irbesartan	Take without regard to meals.
DB01032	Probenecid	Increase liquid intake, avoid alcohol.
DB01032	Probenecid	Take with food to reduce irritation.
DB01033	Mercaptopurine	Preferably on an empty stomach, drink plenty of liquids, avoid alcohol.
DB01035	Procainamide	Avoid alcohol.
DB01035	Procainamide	Take with food to reduce irritation.
DB01036	Tolterodine	Take with food.
DB01037	Selegiline	Food increases the oral bioavailability by 3-5 fold.
DB01039	Fenofibrate	Increased absorption- take with meals.
DB01042	Melphalan	Take on an empty stomach. Food decreases bioavailabilty by approximately 30%. Increase liquid intake.
DB01043	Memantine	Take without regard to meals.
DB01044	Gatifloxacin	Absorption does not seem to be affected by milk or calcium carbonate, however, gatifloxacin bioavailability appears significantly reduced when combined with Ensure&trade; (C<sub>max</sub> is reduced by about 50% while total drug exposure (AUC) is reduced by about 25%).
DB01044	Gatifloxacin	Drink liberally.
DB01044	Gatifloxacin	Take without regard to meals.
DB01045	Rifampin	Avoid alcohol.
DB01045	Rifampin	Take on empty stomach: 1 hour before or 2 hours after meals.
DB01045	Rifampin	Take with a full glass of water.
DB01048	Abacavir	Abacavir is partly metabolised through the alcohol-dehydrogenase enzyme system.
DB01048	Abacavir	Alcohol significantly increases abacavir's area under the curve (about 41%).
DB01048	Abacavir	Avoid alcohol.
DB01048	Abacavir	Take without regard to meals.
DB01050	Ibuprofen	Avoid alcohol.
DB01050	Ibuprofen	Food delays the time to reach peak plasma concentrations by 30-60 minutes and reduces peak plasma concentrations by 30-50%. Extent of absorption is unaffected.
DB01050	Ibuprofen	Take with food to reduce gastric irritation.
DB01058	Praziquantel	Grapefruit and grapefruit juice should be avoided throughout treatment. Grapefruit can increase serum levels of this product.
DB01058	Praziquantel	Take with food.
DB01059	Norfloxacin	Avoid high doses of caffeine.
DB01059	Norfloxacin	Take on an empty stomach. Drink liberally.
DB01060	Amoxicillin	Take without regard to meals.
DB01062	Oxybutynin	Avoid alcohol.
DB01062	Oxybutynin	Take with food.
DB01066	Cefditoren	Antacids may reduce the serum concentration of cefditoren. Consider alternative methods to minimize/control acid reflux. If use of antacids cannot be avoided, separate administration by at least several hours to reduce chance of interaction
DB01067	Glipizide	Avoid alcohol.
DB01067	Glipizide	Avoid sugar and sugary food.
DB01067	Glipizide	Take 30-60 minutes before breakfast.
DB01068	Clonazepam	Avoid alcohol.
DB01068	Clonazepam	Avoid excessive quantities of coffee or tea (Caffeine).
DB01068	Clonazepam	Take without regard to meals.
DB01069	Promethazine	Take with food to reduce irritation. Avoid alcohol.
DB01072	Atazanavir	Administration with food reduces pharmacokinetic variability.
DB01072	Atazanavir	Food increases product absorption.
DB01073	Fludarabine	Food slightly increases product bioavailability.
DB01073	Fludarabine	Take without regard to meals.
DB01075	Diphenhydramine	Avoid alcohol.
DB01075	Diphenhydramine	Take with food.
DB01076	Atorvastatin	Avoid alcohol.
DB01076	Atorvastatin	Avoid drastic changes in dietary habit.
DB01076	Atorvastatin	Avoid taking grapefruit or grapefruit juice throughout treatment. Grapefruit can significantly increase serum levels of this product.
DB01076	Atorvastatin	Food may decrease maximum plasma levels and area under the curve, but this is clinically inconsequential according to the manufacturer.
DB01076	Atorvastatin	Take with low fat meal.
DB01077	Etidronic acid	Avoid aluminium, calcium, iron and magnesium within 2 hours of taking medication. 
DB01077	Etidronic acid	Take on an empty stomach with a full glass of water. 
DB01079	Tegaserod	Take before a meal, to increase absorption, take 30 minutes before a meal.
DB01081	Diphenoxylate	Avoid alcohol.
DB01081	Diphenoxylate	Take with food.
DB01083	Orlistat	Take with meals, or upto 1 hour after a meal. If patient misses a meal, or has a fat-free meal, he/she may skip the corresponding dose.
DB01087	Primaquine	Take with food to decrease dyspepsia.
DB01095	Fluvastatin	May be taken with or without food, but should be taken consistently.
DB01097	Leflunomide	Take without regard to meals.
DB01100	Pimozide	Grapefruit and grapefruit juice should be avoided throughout treatment. Grapefruit can increase serum levels of this product.
DB01100	Pimozide	Take without regard to meals.
DB01101	Capecitabine	Take 12 hours apart, within 30 minutes of the end of breakfast and dinner to reduce nausea.
DB01104	Sertraline	Avoid alcohol.
DB01104	Sertraline	Avoid St.John's Wort.
DB01104	Sertraline	Avoid taking with grapefruit juice.
DB01104	Sertraline	Take with food.
DB01107	Methyprylon	Take without regard to meals.
DB01109	Heparin	Adequate calcium intake is recommended, needs increased with long term use, supplement recommended.
DB01109	Heparin	Many herbs with anticoagulant properties (e.g. ginger, garlic, ginseng, green tea, evening primrose) may increase the risk of bleeding in patients on anticoagulant therapy such as heparin
DB01112	Cefuroxime	Take with food to increase absorption.
DB01114	Chlorpheniramine	Avoid alcohol.
DB01114	Chlorpheniramine	Take with food.
DB01115	Nifedipine	Avoid alcohol.
DB01115	Nifedipine	Avoid natural licorice.
DB01115	Nifedipine	Grapefruit down-regulates post-translational expression of CYP3A4, the major metabolizing enzyme of nifedipine. Grapefruit, in all forms (e.g. whole fruit, juice and rind), can significantly increase serum levels of nifedipine and may cause toxicity. Avoid grapefruit products while on this medication. 
DB01115	Nifedipine	Take with low fat meal.
DB01117	Atovaquone	Fatty foods increase absorption.
DB01117	Atovaquone	Take with food, bioavailability is increased 2 to 3 fold.
DB01118	Amiodarone	Grapefruit and grapefruit juice should be avoided throughout treatment.
DB01118	Amiodarone	Grapefruit can significantly increase serum levels of this product.
DB01118	Amiodarone	Take without regard to meals.
DB01120	Gliclazide	Avoid alcohol.
DB01120	Gliclazide	Take without regard to meals. A consistent diet is recommended to reduce the risk of hypoglycemia.
DB01121	Phenacemide	May be taken with food if stomach upset occurs.
DB01126	Dutasteride	Take without regard to meals.
DB01128	Bicalutamide	Take without regard to meals, at the same time everyday.
DB01129	Rabeprazole	Take without regard to meals.
DB01129	Rabeprazole	Take without regard to meals. Food may slow absorption rate but extent of absorption is not affected.
DB01131	Proguanil	Take with food.
DB01132	Pioglitazone	Take without regard to meals. Food slightly delays absorption rate but extent of absorption is not affected.
DB01133	Tiludronate	Do not take aluminum or magnesium-containing antacids within 2 hours of taking tiludronate. 
DB01133	Tiludronate	Take on an empty stomach (at least 2 hours before or after meals) with a full glass of plain water. Other beverages may reduce drug absorption. 
DB01136	Carvedilol	Take with food, food slows the absorption rate and reduces the incidence of adverse effects (extent of absorption is not affected).
DB01137	Levofloxacin	Take without regard to meals. Take with water, drink lliberally. Taking this product with orange juice can result in reduced quinolone plasma levels. 
DB01140	Cefadroxil	Food may reduce the digestive problems that sometimes occur.
DB01140	Cefadroxil	Take without regard to meals.
DB01142	Doxepin	Avoid alcohol.
DB01142	Doxepin	Avoid excessive quantities of coffee or tea (caffeine).
DB01142	Doxepin	Avoid St.John's Wort.
DB01142	Doxepin	Take with food to reduce irritation.
DB01147	Cloxacillin	Take on an empty stomach.
DB01148	Flavoxate	Food may reduce irritation.
DB01148	Flavoxate	Take without regard to meals.
DB01149	Nefazodone	Avoid alcohol.
DB01149	Nefazodone	Avoid avocado.
DB01149	Nefazodone	Limit garlic, ginger, gingko, and horse chestnut.
DB01149	Nefazodone	Take this medication either consistently with or without food as instructed by your doctor.
DB01150	Cefprozil	Take without regard to meals.
DB01151	Desipramine	Avoid alcohol.
DB01151	Desipramine	Take with food to reduce irritation, limit caffeine intake.
DB01155	Gemifloxacin	Take without regard to meals.
DB01156	Bupropion	Avoid alcohol.
DB01156	Bupropion	Avoid St.John's Wort.
DB01156	Bupropion	Take without regard to meals.
DB01165	Ofloxacin	Avoid high doses of caffeine.
DB01165	Ofloxacin	Take without regard to meals.
DB01166	Cilostazol	Grapefruit and grapefruit juice should be avoided throughout treatment, grapefruit can significantly increase serum levels of this product.
DB01166	Cilostazol	Take on an empty stomach, a lipid rich meal will increase absorption.
DB01167	Itraconazole	Avoid milk, calcium containing dairy products, iron, antacids, or aluminum salts 2 hours before or 6 hours after using antacids while on this medication.
DB01167	Itraconazole	Avoid taking with grapefruit juice.
DB01167	Itraconazole	Take after a full meal.
DB01167	Itraconazole	Take with food.
DB01170	Guanethidine	Take without regard to meals.
DB01171	Moclobemide	Food slows absorption a little. Avoid alcohol. Take after meals in order to minimize the risk of interaction with tyramine.
DB01173	Orphenadrine	Take without regard to meals. Avoid alcohol.
DB01174	Phenobarbital	Avoid alcohol.
DB01174	Phenobarbital	Avoid excessive quantities of coffee or tea (Caffeine).
DB01174	Phenobarbital	Increase dietary intake of magnesium, folate, vitamin B6, B12, and/or consider taking a multivitamin.
DB01174	Phenobarbital	Take on an empty stomach for quicker absorption
DB01175	Escitalopram	Take without regard to meals.
DB01176	Cyclizine	Avoid alcohol.
DB01176	Cyclizine	Food may reduce irritation.
DB01176	Cyclizine	Take without regard to meals.
DB01182	Propafenone	Always take at the same time in regard to meals.
DB01182	Propafenone	Grapefruit and grapefruit juice should be avoided throughout treatment. Grapefruit can increase serum levels of this product.
DB01184	Domperidone	Take 15 to 30 minutes before meals.
DB01185	Fluoxymesterone	Take with food.
DB01186	Pergolide	Take with food to reduce gastric irritation and nausea
DB01190	Clindamycin	Take with food.
DB01191	Dexfenfluramine	Take with meals.
DB01193	Acebutolol	Take without regard to meals; absorption rate and maximal concentration are slightly reduced but the extent of absorption is not affected.
DB01195	Flecainide	Take without regard to meals.
DB01196	Estramustine	Do not take with milk or milk products.
DB01196	Estramustine	Take on an empty stomach.
DB01197	Captopril	Captopril decreases the excretion of potassium. Salt substitutes containing potassium increase the risk of hyperkalemia. 
DB01197	Captopril	Food decreases absorption by 25 - 40%. Clinical significance is debatable. 
DB01197	Captopril	Herbs that may attenuate the antihypertensive effect of captopril include: bayberry, blue cohash, cayenne, ephedra, ginger, ginseng (American), kola and licorice. 
DB01197	Captopril	High salt intake may attenuate the antihypertensive effect of captopril. 
DB01200	Bromocriptine	Avoid alcohol.
DB01200	Bromocriptine	Take with food to reduce irritation.
DB01202	Levetiracetam	Take without regard to meals. Food does not affect bioavailabilty.
DB01203	Nadolol	Avoid alcohol.
DB01203	Nadolol	Avoid natural licorice.
DB01203	Nadolol	Magnesium, potassium and zinc needs increased.
DB01203	Nadolol	Take without regard to meals.
DB01211	Clarithromycin	Biaxin - take without regard to meals (however absorption appears to be improved when drug is taken with food).
DB01211	Clarithromycin	Biaxin XL - take with a meal, taking it on an empty stomach is associated with total product exposure 30% inferior to that observed when administered with food.
DB01215	Estazolam	Avoid alcohol.
DB01215	Estazolam	Take without regard to meals.
DB01216	Finasteride	Take without regard to meals.
DB01217	Anastrozole	Food decreases the rate of absorption, but the extent of absorption is not affected.
DB01218	Halofantrine	Take on an empty stomach, bioavailability is 6 times higher when drug is taken with high fat meals. Risks of cardiac toxicity are then increased.
DB01219	Dantrolene	Take without regard to meals.
DB01222	Budesonide	A mean delay in time to peak concentration of 2.5 hours is observed with the intake of a high-fat meal, with no significant differences in AUC.
DB01223	Aminophylline	Limit caffeine intake.
DB01223	Aminophylline	Take with food.
DB01223	Aminophylline	Vitamin B6 needs increased, supplement recommended.
DB01224	Quetiapine	Avoid alcohol.
DB01224	Quetiapine	Take without regard to meals.
DB01225	Enoxaparin	Avoid danshen, dong quai, evening primrose oil, gingko, policosanol, willow bark
DB01230	Pemoline	Avoid high doses of caffeine.
DB01230	Pemoline	Take without regard to meals. Avoid alcohol.
DB01232	Saquinavir	Take after a full meal.
DB01233	Metoclopramide	Food reduces availability, take 30 minutes before meals. Avoid alcohol.
DB01234	Dexamethasone	Avoid alcohol.
DB01234	Dexamethasone	Avoid taking with grapefruit juice.
DB01234	Dexamethasone	Take with food to reduce irritation.
DB01238	Aripiprazole	Avoid alcohol (possible additive effect to CNS).
DB01238	Aripiprazole	Food has no significant effect on absorption.
DB01238	Aripiprazole	Take without regard to meals.
DB01239	Chlorprothixene	Avoid alcohol.
DB01239	Chlorprothixene	Take with food to reduce irritation.
DB01241	Gemfibrozil	Take 30 minutes before meals.
DB01242	Clomipramine	Avoid alcohol.
DB01242	Clomipramine	Grapefruit and grapefruit juice should be avoided throughout treatment, grapefruit can modify serum levels of clomipramine and its metabolite desmethyl-clomipramine.
DB01242	Clomipramine	Take with food to reduce irritation.
DB01244	Bepridil	Take with food to reduce nausea.
DB01247	Isocarboxazid	Take without regard to meals, avoid tyramine, caffeine and alcohol.
DB01261	Sitagliptin	Can be administered without regard to food
DB01264	Darunavir	Take with food - better absorption (+30%). 
DB01265	Telbivudine	Take without regard to meals.
DB01267	Paliperidone	Avoid alcohol.
DB01283	Lumiracoxib	Take with or without food. Food has no effect on the absorption of the product.
DB01288	Fenoterol	Take without regard to meals.
DB01297	Practolol	Avoid alcohol.
DB01297	Practolol	Avoid natural licorice.
DB01303	Oxtriphylline	Avoid high doses of caffeine.
DB01303	Oxtriphylline	Take with food to reduce irritation.
DB01319	Fosamprenavir	Avoid alcohol, especially with the oral solution since it contains propylene glycol which competes with alcohol for alcohol dehydrogenase metabolism.
DB01319	Fosamprenavir	Take with or without food, however avoid lipid-rich meals.
DB01319	Fosamprenavir	Vitamin E increases fosamprenavir bioavailability.
DB01320	Fosphenytoin	Avoid alcohol.
DB01320	Fosphenytoin	Do not take calcium, aluminum, magnesium or Iron supplements within 2 hours of taking this medication.
DB01320	Fosphenytoin	Take with food.
DB01325	Quinethazone	Take with food to increase bioavailability.
DB01330	Cefotetan	Avoid alcohol as it can cause a disulfiram effect.
DB01340	Cilazapril	Food decreases cilazapril absorption with no significant clinical impact.
DB01340	Cilazapril	Take without regard to meals.
DB01344	Polystyrene sulfonate	Avoid calcium, magnesium and potassium.
DB01344	Polystyrene sulfonate	Take on an empty stomach.
DB01348	Spirapril	Avoid alcohol.
DB01348	Spirapril	Do not take calcium, aluminum, magnesium or iron supplements within 2 hours of taking this medication.
DB01348	Spirapril	Herbs that may attenuate the antihypertensive effect of spirapril include: bayberry, blue cohash, cayenne, ephedra, ginger, ginseng (American), kola and licorice. 
DB01348	Spirapril	High salt intake may attenuate the antihypertensive effect of spirapril.
DB01348	Spirapril	Spirapril may decrease the excretion of potassium. Salt substitutes containing potassium may increase the risk of hyperkalemia. 
DB01356	Lithium	Avoid alcohol.
DB01356	Lithium	Avoid excessive quantities of coffee or tea (Caffeine).
DB01356	Lithium	Avoid iodine supplements.
DB01356	Lithium	Do not change your salt intake from day to day without telling your doctor.
DB01356	Lithium	Take with food to reduce irritation. Drink plenty of liquids.
DB01367	Rasagiline	Avoid alcohol and caffeine.
DB01394	Colchicine	Avoid alcohol since it increases uric acid levels.
DB01394	Colchicine	Drink liberally.
DB01394	Colchicine	Take without regard to meals.
DB01395	Drospirenone	Food reduces the rate of absorption, but not the extent of absorption. 
DB01396	Digitoxin	Avoid avocado.
DB01396	Digitoxin	Avoid bran and high fiber foods within 2 hours of taking this medication.
DB01396	Digitoxin	Avoid excess salt/sodium unless otherwise instructed by your physician.
DB01396	Digitoxin	Avoid milk, calcium containing dairy products, iron, antacids, or aluminum salts 2 hours before or 6 hours after using antacids while on this medication.
DB01396	Digitoxin	Avoid salt substitutes containing potassium.
DB01396	Digitoxin	Limit garlic, ginger, gingko, and horse chestnut.
DB01403	Methotrimeprazine	Take with food to reduce irritation.
DB01406	Danazol	Take without regard to meals.
DB01416	Cefpodoxime	Take on empty stomach: 1 hour before or 2 hours after meals.
DB01418	Acenocoumarol	High doses of vitamin A, C, E and K (e.g. avocado, green vegetables)
DB01421	Paromomycin	Take with food.
DB01432	Cholestyramine	Take with food, do not mix with soft drinks.
DB01437	Glutethimide	Avoid alcohol.
DB01437	Glutethimide	Take without regard to meals.
DB01438	Phenazopyridine	Take with food to reduce irritation.
DB01452	Heroin	Avoid alcohol
DB01452	Heroin	To avoid constipation: increase your daily intake of fiber (beans, whole grains, vegetables).
DB01495	Dichloralphenazone	Avoid alcohol.
DB01544	Flunitrazepam	Avoid alcohol.
DB01544	Flunitrazepam	Avoid excessive quantities of coffee or tea (Caffeine).
DB01544	Flunitrazepam	Avoid taking with grapefruit juice.
DB01544	Flunitrazepam	Take with food.
DB01567	Fludiazepam	Avoid alcohol.
DB01567	Fludiazepam	Avoid excessive quantities of coffee or tea (Caffeine).
DB01567	Fludiazepam	Avoid taking with grapefruit juice.
DB01580	Oxprenolol	Avoid alcohol.
DB01580	Oxprenolol	Avoid natural licorice.
DB01580	Oxprenolol	Take without regard to meals.
DB01581	Sulfamerazine	Do not take calcium, aluminium, magnesium or iron supplements within 2 hours of taking this medication.
DB01582	Sulfamethazine	Do not take calcium, aluminium, magnesium or iron supplements within 2 hours of taking this medication.
DB01583	Liotrix	Absorption increased in fasting state and decreased in malabsorption states.
DB01583	Liotrix	Consistent administration in relation to meals is recommended.
DB01583	Liotrix	Iron and calcium may interfere with absorption. Space doses at least one hour before or after iron or calcium intake. 
DB01583	Liotrix	Oral administration with infant soybean formula, soybean flour, cotton seed meal, walnuts, foods containing large amounts of fiber, ferrous sulfate, and antacids may decrease drug absorption. 
DB01583	Liotrix	Take 30-60 minutes before breakfast.
DB01587	Ketazolam	Avoid alcohol
DB01587	Ketazolam	Avoid excessive quantities of coffee or tea (caffeine).
DB01587	Ketazolam	Avoid taking with grapefruit or grapefruit juice as grapefruit can significantly increase serum levels of this product.
DB01587	Ketazolam	Take with food.
DB01588	Prazepam	Avoid alcohol.
DB01588	Prazepam	Avoid excessive quantities of coffee or tea (Caffeine).
DB01588	Prazepam	Avoid taking with grapefruit juice.
DB01588	Prazepam	Take with food.
DB01594	Cinolazepam	Avoid alcohol.
DB01594	Cinolazepam	Avoid excessive quantities of coffee or tea (Caffeine).
DB01594	Cinolazepam	Take with food.
DB01595	Nitrazepam	Avoid alcohol.
DB01595	Nitrazepam	Avoid excessive quantities of coffee or tea (Caffeine).
DB01595	Nitrazepam	Take with food.
DB01599	Probucol	Take with food. Food increases availability.
DB01600	Tiaprofenic acid	Avoid alcohol.
DB01600	Tiaprofenic acid	Take with food.
DB01601	Lopinavir	Avoid St.John's Wort.
DB01601	Lopinavir	Take with food.
DB01604	Pivampicillin	Take without regard to meals.
DB01605	Pivmecillinam	Take without regard to meals.
DB01608	Propericiazine	Take with food to reduce irritation. Avoid alcohol.
DB01609	Deferasirox	Dispersion in carbonated drinks or milk is not recommended due to foaming and slow dispersion, respectively.
DB01609	Deferasirox	Food causes inconsistent increases in the bioavailability of this product.
DB01609	Deferasirox	Tablets should be completely dispersed in water, orange juice or apple juice and the resulting suspension should be ingested immediately (after swallowing the suspension, any residue should be resuspended in a small volume of liquid and swallowed).
DB01609	Deferasirox	Tablets should be taken on an empty stomach at least 30 minutes before a meal, preferably at the same time everyday.
DB01613	Erythrityl Tetranitrate	Avoid alcohol.
DB01613	Erythrityl Tetranitrate	Take on empty stomach: 1 hour before or 2 hours after meals.
DB01614	Acepromazine	Avoid alcohol
DB01614	Acepromazine	Take with food to reduce irritation
DB01619	Phenindamine	Avoid alcohol.
DB01619	Phenindamine	Take with food to reduce irritation.
DB01621	Pipotiazine	Avoid alcohol
DB01621	Pipotiazine	Take with food to decrease irritation
DB01622	Thioproperazine	Avoid alcohol
DB01622	Thioproperazine	Take with food to avoid irritation
DB01623	Thiothixene	Avoid alcohol
DB01626	Pargyline	Food increases the oral bioavailability by 3-5 fold.
DB01627	Lincomycin	Take on an empty stomach, food decreases absorption.
DB01628	Etoricoxib	Take without regard to meals.
DB02546	Vorinostat	Oral administration with a high-fat meal resulted in an increase (33%) in the extent of absorption and a modest decrease in the rate of absorption (T<sub>max</sub> delayed 2.5 hours) compared to the fasted state.
DB02703	Fusidic Acid	Take with food to reduce irritation.
DB03585	Oxyphenbutazone	Take with food to reduce irritation.
DB04571	Trioxsalen	avoid eating limes, figs, parsley, parsnips, mustard, carrots, and celery while you are being treated with trioxsalen
DB04574	Estropipate	Take with food to decrease nausea
DB04576	Fleroxacin	Avoid excessive coffee or tea (caffeine)
DB04576	Fleroxacin	Avoid milk, calcium containing dairy products, iron, magnesium, zinc, antacids, or aluminum salts 2 hours before or 6 hours after using antacids while on this medication.
DB04576	Fleroxacin	Take with a full glass of water
DB04576	Fleroxacin	Take without regard to meals
DB04836	Amineptine	Avoid alcohol.
DB04836	Amineptine	Avoid excessive quantities of coffee or tea (Caffeine).
DB04836	Amineptine	Avoid St.John's Wort.
DB04836	Amineptine	Take with food to reduce irritation.
DB04837	Chlophedianol	Avoid alcohol.
DB04837	Chlophedianol	Take without regard to meals.
DB04838	Cyclandelate	Take with food to reduce irritation.
DB04839	Cyproterone	Avoid alcohol.
DB04839	Cyproterone	Take after a meal.
DB04840	Debrisoquin	Take without regard to meals.
DB04841	Flunarizine	Avoid alcohol.
DB04841	Flunarizine	Take without regard to meals.
DB04842	Fluspirilene	Avoid alcohol.
DB05246	Methsuximide	Avoid alcohol
DB05246	Methsuximide	Take with food
DB06228	Rivaroxaban	Foods with antiplatelet/anticoagulants properties such as horseradish, gingko, ginger, garlic, feverfew
DB06228	Rivaroxaban	St. John's Wort
DB06268	Sitaxentan	Take without regard to meals
DB06684	Vilazodone	Caution taking vilazodone with foods/herbal product with antiplatelet/anticoagulant properties
DB06684	Vilazodone	Gingko bilboa, ginger, garlic, green tea, licorice, horseradish
DB06691	Mepyramine	Avoid alcohol
DB06691	Mepyramine	Take with food
DB06693	Mevastatin	avoid alcohol 
DB06693	Mevastatin	Grape fruit juice increases blood levels of the drug
DB06695	Dabigatran etexilate	St. John's Wort
DB06697	Artemether	Grapefruit juice may increase the toxicity of artemether and lumefantrine by inhibiting their metabolism.
DB06697	Artemether	Take with food as food increases the absorption of artemether and lumefantrine. 
DB06698	Betahistine	Take with food.
DB06700	Desvenlafaxine	Take without regard to meals.
DB06701	Dexmethylphenidate	Avoid alcohol
DB06701	Dexmethylphenidate	Avoid excessive quantities of coffee or tea (caffeine)
DB06701	Dexmethylphenidate	Take on empty stomach: 1 hour before or 2 hours after meals
DB06702	Fesoterodine	Take with or without food.
DB06703	Gadobutrol	Not affected by food.
DB06708	Lumefantrine	Grapefruit juice may increase the toxicity of artemether and lumefantrine by inhibiting their metabolism.
DB06708	Lumefantrine	Take with food as food increases the absorption of lumefantrine and artemether.
DB06712	Nilvadipine	Take without regard to meals
DB06724	Calcium carbonate	Food increases the absorption of calcium carbonate. 
DB06779	Dalteparin	Herbs (anticoagulant/antiplatelet properties such as ginseng, ginkgo, ginger, garlic)
DB06822	Tinzaparin	Herbs with anticoagulant/antiplatelet properties (ginger, gingko, garlic) may increase the risk of bleeding.
DB08813	Nadroparin	Danshen, dong quai, evening primrose oil, gingko, policosanol, willowbark
DB08814	Triflusal	Gingko bilboa
DB08814	Triflusal	Herbs with anticoagulant/antiplatelet activity such as alfalfa, feverfew, ginger, ginseng, grape seed, green tea,  horseradish 
